casilla_id,distrito_fed_17,distrito_fed_12,distrito_loc_17,distrito_loc_12,are,seccion,casilla,tipo_seccion,pri_pvem,pan_na,prd,pt,mc,otros,total,ln,tamano_md,tamano_gd,region,casilla_ex,rural,ln_total
445,1,1,2,2,1-45,2556,B-C,U,156,180,20,15,15,31,417,740,1,0,2,0,0,740
420,1,1,2,2,1-43,2546,B-C,U,162,158,13,4,3,12,352,545,1,0,2,0,0,545
114,4,1,1,1,1-65,2350,B-C,M,170,196,11,16,1,15,409,645,1,0,1,0,0,645
572,1,1,2,2,1-21,2892,B-C,M,136,229,51,2,2,10,430,564,1,0,2,0,0,564
412,1,1,2,2,1-44,2544,B-C,U,163,174,17,6,2,0,362,701,1,0,2,0,0,701
155,4,1,1,1,1-85,2375,B-C,U,239,118,12,1,3,23,396,685,1,0,1,0,0,685
574,1,1,2,2,1-21,2892,B-C,M,130,223,47,2,0,10,412,564,1,0,2,0,0,564
175,4,1,1,1,1-84,2383,B-C,U,216,127,11,1,1,14,370,586,1,0,1,0,0,586
413,1,1,2,2,1-44,2544,B-C,U,158,156,19,2,9,19,363,700,1,0,2,0,0,700
209,4,1,1,1,1-68,2399,B-C,U,114,181,13,2,0,17,327,575,1,0,1,0,0,575
212,4,1,1,1,1-69,2400,B-C,U,109,175,3,2,3,16,308,492,0,0,1,0,0,492
590,1,1,2,2,1-28,2903,B-C,R,159,151,50,3,3,17,383,541,1,0,2,0,1,541
144,4,1,1,1,1-62,2368,B-C,R,90,207,10,8,3,15,333,534,1,0,1,0,1,534
535,1,1,2,2,1-56,2601,B-C,R,169,134,12,3,2,15,335,579,1,0,2,0,1,579
281,4,1,1,1,1-94,2440,B-C,R,84,110,8,3,0,0,205,426,0,0,1,0,1,426
94,4,1,1,1,1-98,1903,B-C,R,60,114,39,0,0,6,219,389,0,0,1,0,1,389
497,1,1,2,2,1-52,2585,B-C,R,122,135,22,5,5,27,316,581,1,0,2,0,1,581
148,4,1,1,1,1-66,2371,B-C,R,117,205,7,13,0,19,361,593,1,0,1,0,1,593
5925,10,10,20,20,10-3,1866,B-C,U,74,158,18,4,10,11,275,403,0,0,2,0,0,403
6353,10,10,20,21,10-24,2289,B-C,U,84,173,17,4,2,12,292,503,1,0,2,0,0,503
6321,10,10,20,21,10-18,2274,B-C,U,133,212,19,9,4,21,398,637,1,0,2,0,0,637
6386,10,10,20,21,10-32,2311,B-C,M,62,198,10,3,2,16,291,500,1,0,2,0,0,500
6029,10,10,20,20,10-68,2799,B-C,U,144,169,16,3,1,11,344,598,1,0,2,0,0,598
6441,10,10,20,21,10-43,2340,B-C,R,37,123,12,1,0,0,173,397,0,0,2,0,1,397
6121,10,10,20,20,10-88,2973,B-C,R,138,102,51,9,5,26,331,405,0,0,2,0,1,405
6434,10,10,20,21,10-41,2335,B-C,R,88,112,11,3,2,11,227,437,0,0,2,0,1,437
6431,10,10,20,21,10-31,2334,B-C,R,65,129,5,0,1,5,205,423,0,0,2,0,1,423
5974,10,10,20,20,10-13,1889,B-C,R,53,98,9,2,3,3,168,412,0,0,2,0,1,412
6115,10,10,20,20,10-85,2969,B-C,R,87,98,9,5,0,7,206,489,0,0,2,0,1,489
5981,10,10,20,20,10-15,1892,B-C,R,83,145,8,0,1,10,247,500,1,0,2,0,1,500
5428,7,11,18,18,11-41,1916,B-C,U,132,226,11,2,0,9,380,588,1,0,1,0,0,588
5395,13,11,10,18,11-85,725,B-C,U,152,127,79,1,1,26,386,634,1,0,1,0,0,634
5607,7,11,18,18,11-29,2011,B-C,M,110,81,21,3,0,9,224,462,0,0,1,0,0,462
5617,7,11,18,18,11-28,2016,B-C,U,147,76,16,13,1,14,267,446,0,0,1,0,0,446
5430,7,11,18,18,11-41,1916,B-C,U,170,213,4,2,0,9,398,588,1,0,1,0,0,588
5429,7,11,18,18,11-41,1916,B-C,U,110,172,6,2,1,9,300,588,1,0,1,0,0,588
5397,13,11,10,18,11-84,726,B-C,U,136,114,64,1,0,16,331,546,1,0,1,0,0,546
3856,13,11,18,13,11-76,22,B-C,R,450,269,6,2,1,34,762,676,1,0,1,0,1,676
5484,7,11,18,18,11-4,1946,B-C,R,72,63,6,1,0,12,154,302,0,0,1,0,1,302
5337,7,11,10,18,11-102,577,B-C,R,223,80,4,24,0,17,348,746,0,0,1,0,1,746
5405,13,11,10,18,11-87,732,B-C,R,80,116,44,0,0,8,248,387,0,0,1,0,1,387
5469,7,11,18,18,11-50,1935,B-C,R,136,54,1,0,0,5,196,308,0,0,1,0,1,308
5500,7,11,18,18,11-37,1956,B-C,R,195,152,5,1,0,11,364,609,1,0,1,0,1,609
5633,7,11,18,18,11-26,2024,B-C,R,78,104,14,0,0,10,206,383,0,0,1,0,1,383
3892,13,11,18,13,11-68,40,B-C,R,494,348,7,1,0,15,865,674,1,0,1,0,1,674
5416,13,11,10,18,11-82,739,B-C,R,93,198,73,20,0,28,412,684,1,0,1,0,1,684
4471,12,12,15,15,12-3,431,B-C,U,137,186,15,5,7,13,363,517,1,0,2,0,0,517
4766,12,12,16,16,12-4,389,B-C,U,157,137,6,4,0,4,308,401,0,0,2,0,0,401
4442,12,12,15,15,12-54,408,B-C,U,126,208,13,7,5,15,374,497,0,0,2,0,0,497
4778,12,12,16,16,12-6,399,B-C,U,173,207,14,4,3,15,416,637,1,0,2,0,0,637
4366,12,12,16,15,12-41,347,B-C,NA,154,203,27,5,7,7,403,720,0,1,2,0,0,720
4410,12,12,16,15,12-33,371,B-C,U,165,195,15,4,6,11,396,729,1,0,2,0,0,729
4429,12,12,15,15,12-49,385,B-C,U,112,207,23,10,4,16,372,505,1,0,2,0,0,505
4412,12,12,15,15,12-48,377,B-C,U,130,188,16,9,2,7,352,498,0,0,2,0,0,498
4709,12,12,16,16,12-23,342,B-C,U,192,160,20,11,4,13,400,742,1,0,2,0,0,742
4847,12,12,15,16,12-11,462,B-C,U,108,114,11,4,4,9,250,487,0,0,2,0,0,487
4701,12,12,16,16,12-25,341,B-C,U,186,144,18,3,5,16,372,662,1,0,2,0,0,662
4688,12,12,16,16,12-31,338,B-C,U,141,205,28,10,8,13,405,616,1,0,2,0,0,616
4842,12,12,15,16,12-13,460,B-C,U,137,165,26,3,3,29,363,629,1,0,2,0,0,629
4722,12,12,16,16,12-35,345,B-C,U,103,145,25,5,5,15,298,579,1,0,2,0,0,579
4938,12,12,15,16,12-76,533,B-C,R,137,90,10,4,1,12,254,496,0,0,2,0,1,496
4942,12,12,15,16,12-77,539,E,R,65,57,2,0,0,7,131,209,1,0,2,1,1,209
4939,12,12,15,16,12-76,533,B-C,R,179,91,9,2,2,5,288,495,0,0,2,0,1,495
6266,10,13,19,21,13-36,697,B-C,U,88,175,11,3,2,11,290,606,1,0,2,0,0,606
5679,13,13,19,19,13-46,1185,B-C,U,153,207,24,2,4,5,395,567,1,0,2,0,0,567
6196,10,13,19,21,13-23,669,B-C,U,106,186,23,2,3,8,328,537,1,0,2,0,0,537
5786,13,13,19,19,13-69,2844,B-C,U,49,175,69,9,3,26,331,588,1,0,2,0,0,588
6215,10,13,19,21,13-25,677,B-C,U,162,195,27,8,2,16,410,631,1,0,2,0,0,631
6182,10,13,19,21,13-20,663,B-C,U,114,141,30,4,2,7,298,413,0,0,2,0,0,413
4546,12,13,15,15,13-14,492,B-C,U,99,182,12,4,5,4,306,501,1,0,2,0,0,501
6213,10,13,19,21,13-26,676,B-C,U,151,187,34,3,4,0,379,667,1,0,2,0,0,667
5752,13,13,19,19,13-57,2832,B-C,U,83,250,33,1,2,20,389,562,1,0,2,0,0,562
4601,12,13,15,15,13-18,563,B-C,M,155,140,5,1,2,12,315,556,1,0,2,0,0,556
5680,13,13,19,19,13-46,1185,B-C,U,178,208,18,0,2,7,413,566,1,0,2,0,0,566
5701,13,13,19,19,13-52,1195,B-C,M,115,214,9,3,4,5,350,643,1,0,2,0,0,643
5740,13,13,19,19,13-60,2826,B-C,U,87,204,58,2,7,33,391,620,1,0,2,0,0,620
5779,13,13,19,19,13-66,2842,B-C,U,53,159,91,1,6,22,332,612,1,0,2,0,0,612
4827,12,13,15,16,13-2,452,B-C,U,159,201,25,12,7,17,421,598,1,0,2,0,0,598
6205,10,13,19,21,13-24,673,B-C,U,106,153,19,3,2,6,289,428,0,0,2,0,0,428
5710,13,13,19,19,13-54,1201,B-C,U,204,138,20,0,7,20,389,612,0,0,2,0,0,612
6219,10,13,19,21,13-27,679,B-C,U,207,260,44,6,2,10,529,719,1,0,2,0,0,719
5725,13,13,19,19,13-57,2820,B-C,U,83,174,15,5,2,10,289,411,0,0,2,0,0,411
5791,13,13,19,19,13-70,2847,B-C,U,49,181,93,4,1,17,345,592,1,0,2,0,0,592
5770,13,13,19,19,13-65,2839,B-C,U,40,172,58,4,2,29,305,509,1,0,2,0,0,509
5795,13,13,19,19,13-71,2848,B-C,R,47,89,86,4,1,29,256,514,1,0,2,0,1,514
5799,13,13,19,19,13-72,2849,E,R,101,70,50,4,0,11,236,435,1,0,2,1,1,435
5846,13,13,19,19,13-80,2868,B-C,R,56,185,102,2,3,12,360,560,1,0,2,0,1,560
5806,13,13,19,19,13-75,2852,B-C,R,52,144,72,10,0,24,302,623,1,0,2,0,1,623
5839,13,13,19,19,13-82,2865,B-C,R,36,168,76,2,2,0,284,546,1,0,2,0,1,546
5085,14,14,9,17,14-56,294,B-C,U,95,156,33,2,5,11,302,641,1,0,2,0,0,641
6543,14,14,22,22,14-19,95,B-C,M,47,74,29,0,0,14,164,398,0,0,2,0,0,398
6738,14,14,22,22,14-102,2738,B-C,U,142,161,36,1,2,21,363,612,1,0,2,0,0,612
6618,14,14,22,22,14-33,137,B-C,U,45,155,56,1,2,14,273,555,1,0,2,0,0,555
5007,14,14,22,17,14-40,253,B-C,U,127,191,22,14,54,10,418,634,0,0,2,0,0,634
6569,14,14,22,22,14-24,109,B-C,U,59,146,29,3,0,19,256,664,1,0,2,0,0,664
5104,14,14,9,17,14-60,302,B-C,U,126,140,29,1,0,19,315,699,1,0,2,0,0,699
6681,14,14,22,22,14-87,1226,B-C,R,142,59,44,1,3,27,276,572,1,0,2,0,1,572
6678,14,14,22,22,14-83,1225,B-C,R,47,79,104,3,6,27,266,576,1,0,2,0,1,576
5048,14,14,22,17,14-50,276,B-C,R,102,79,4,6,76,23,290,438,0,0,2,0,1,438
6657,14,14,22,22,14-81,1210,B-C,R,114,153,66,4,3,25,365,653,1,0,2,0,1,653
5118,14,14,9,17,14-65,309,B-C,R,113,130,16,2,3,8,272,678,1,0,2,0,1,678
6538,14,14,22,22,14-25,92,E,R,14,100,21,2,0,12,149,321,0,0,2,1,1,321
6624,14,14,22,22,14-34,140,B-C,R,42,105,60,2,1,15,225,548,1,0,2,0,1,548
5026,14,14,22,17,14-45,263,B-C,R,154,80,80,6,16,15,351,526,1,0,2,0,1,526
5115,14,14,9,17,14-64,307,B-C,R,151,76,12,3,1,3,246,512,1,0,2,0,1,512
6605,14,14,22,22,14-31,130,B-C,R,66,74,120,9,1,45,315,600,0,0,2,0,1,600
5041,14,14,22,17,14-48,272,B-C,R,104,77,5,0,43,10,239,403,0,0,2,0,1,403
5040,14,14,22,17,14-46,271,B-C,R,85,145,26,3,70,27,356,696,1,0,2,0,1,696
301,1,2,2,2,2-93,741,B-C,M,123,244,26,12,40,39,484,670,1,0,2,0,0,670
5199,2,2,17,17,2-68,622,B-C,M,158,170,17,3,4,15,367,476,0,0,2,0,0,476
300,1,2,2,2,2-93,740,B-C,U,186,244,30,2,24,15,501,690,1,0,2,0,0,690
5246,2,2,17,17,2-65,645,B-C,U,82,295,36,4,1,23,441,742,1,0,2,0,0,742
2539,2,2,9,9,2-4,145,B-C,M,176,159,20,4,7,25,391,682,1,0,2,0,0,682
5190,2,2,17,17,2-49,618,B-C,U,112,225,19,3,4,5,368,574,1,0,2,0,0,574
2611,2,2,9,9,2-15,174,B-C,U,183,148,9,7,1,16,364,597,1,0,2,0,0,597
5172,2,2,17,17,2-54,611,B-C,U,103,187,7,4,3,17,321,550,1,0,2,0,0,550
2702,2,2,9,9,2-22,227,B-C,R,177,125,11,7,2,32,354,674,1,0,2,0,1,674
2672,2,2,9,9,2-26,209,B-C,R,61,119,9,3,0,13,205,390,0,0,2,0,1,390
5219,2,2,17,17,2-56,632,B-C,R,57,161,12,2,1,8,241,499,0,0,2,0,1,499
313,1,2,2,2,2-98,747,B-C,R,163,197,10,0,31,18,419,595,1,0,2,0,1,595
403,2,2,2,2,2-86,2539,B-C,R,138,145,35,7,7,0,332,589,0,0,2,0,1,589
407,2,2,2,2,2-87,2541,B-C,R,180,104,25,1,0,14,324,522,1,0,2,0,1,522
5221,2,2,17,17,2-51,633,B-C,R,165,96,2,4,1,15,283,584,1,0,2,0,1,584
309,1,2,2,2,2-95,746,B-C,R,83,237,4,3,17,13,357,477,0,0,2,0,1,477
1887,3,3,7,7,3-48,1374,B-C,U,124,158,8,1,2,12,305,483,0,0,1,0,0,483
1945,6,3,7,7,3-62,1414,B-C,U,166,205,7,3,4,12,397,656,1,0,1,0,0,656
1268,3,3,4,4,3-83,1500,B-C,NA,167,148,12,2,1,21,351,722,0,1,1,0,0,722
1010,3,3,3,4,3-16,1302,B-C,U,145,144,6,3,0,7,305,529,1,0,1,0,0,529
1168,20,3,21,4,3-67,1392,B-C,NA,183,236,22,7,5,11,464,734,0,1,1,0,0,734
1884,3,3,7,7,3-45,1372,B-C,U,204,196,4,3,1,9,417,681,1,0,1,0,0,681
1222,6,3,4,4,3-18,1489,B-C,U,201,164,9,4,1,12,391,696,1,0,1,0,0,696
1965,6,3,7,7,3-61,1435,B-C,U,197,132,12,4,3,6,354,677,0,0,1,0,0,677
1919,6,3,7,7,3-53,1396,B-C,U,184,177,9,3,0,6,379,647,1,0,1,0,0,647
1899,6,3,7,7,3-50,1383,B-C,U,162,237,9,2,0,2,412,614,0,0,1,0,0,614
1074,3,3,7,4,3-31,1324,B-C,U,217,158,10,1,6,10,402,666,1,0,1,0,0,666
1869,6,3,7,7,3-42,1365,B-C,U,188,216,12,6,5,10,437,653,1,0,1,0,0,653
1120,6,3,7,4,3-39,1347,B-C,U,213,159,10,5,0,6,393,656,1,0,1,0,0,656
996,6,3,4,4,3-19,1297,B-C,U,221,164,10,11,5,11,422,734,1,0,1,0,0,734
1014,3,3,3,4,3-12,1304,B-C,U,170,227,15,6,7,14,439,707,1,0,1,0,0,707
992,3,3,4,4,3-20,1296,B-C,U,140,133,7,3,3,13,299,435,0,0,1,0,0,435
1081,3,3,3,4,3-26,1328,B-C,U,181,177,7,1,1,9,376,545,1,0,1,0,0,545
1018,3,3,3,4,3-12,1304,B-C,U,184,269,22,4,4,7,490,706,1,0,1,0,0,706
2753,1,4,8,9,4-11,768,B-C,U,156,140,8,4,0,11,319,502,1,0,1,0,0,502
2305,4,4,8,8,4-65,878,B-C,M,183,231,31,2,3,10,460,748,0,1,1,0,0,748
2263,4,4,8,8,4-57,858,B-C,U,150,76,14,7,1,9,257,437,0,0,1,0,0,437
2786,1,4,8,9,4-30,802,B-C,M,141,170,1,6,3,18,339,530,1,0,1,0,0,530
2739,1,4,8,9,4-10,764,B-C,U,182,168,11,1,3,0,365,568,1,0,1,0,0,568
2742,1,4,8,9,4-10,765,B-C,U,159,161,18,4,1,16,359,563,1,0,1,0,0,563
2304,4,4,8,8,4-65,878,B-C,M,199,186,32,7,3,14,441,748,0,1,1,0,0,748
34,1,4,1,1,4-15,780,B-C,R,78,159,6,8,0,38,289,576,1,0,1,0,1,576
74,1,4,8,1,4-32,806,B-C,R,107,87,10,5,0,16,225,469,0,0,1,0,1,469
2800,1,4,8,9,4-35,809,B-C,R,87,240,5,4,5,15,356,643,1,0,1,0,1,643
804,5,5,7,3,5-36,1736,B-C,U,142,121,9,5,0,7,284,416,0,0,1,0,0,416
1516,5,5,5,5,5-71,1836,B-C,U,173,97,6,5,2,24,307,493,0,0,1,0,0,493
904,3,5,3,4,5-2,1264,B-C,U,138,165,3,2,0,5,313,573,1,0,1,0,0,573
676,3,5,3,3,5-7,1680,B-C,U,179,181,5,7,1,5,378,552,1,0,1,0,0,552
686,3,5,3,3,5-11,1681,B-C,U,206,233,13,3,2,10,467,734,0,1,1,0,0,734
826,5,5,7,3,5-36,1746,B-C,U,151,156,7,1,2,8,325,475,0,0,1,0,0,475
854,5,5,7,3,5-44,1759,B-C,U,181,198,8,1,12,21,421,659,1,0,1,0,0,659
659,3,5,3,3,5-7,1674,B-C,U,186,225,13,4,2,0,430,659,1,0,1,0,0,659
732,3,5,3,3,5-24,1700,B-C,U,225,247,12,8,2,19,513,730,1,0,1,0,0,730
1525,5,5,5,5,5-69,1841,B-C,U,198,170,4,6,2,11,391,673,1,0,1,0,0,673
797,5,5,5,3,5-47,1733,B-C,U,165,175,4,3,2,18,367,618,1,0,1,0,0,618
710,3,5,3,3,5-9,1692,B-C,U,174,284,12,2,3,13,488,732,1,0,1,0,0,732
1615,5,5,5,5,5-83,3029,B-C,U,150,142,4,1,3,6,306,510,1,0,1,0,0,510
752,3,5,3,3,5-46,1711,B-C,U,207,265,13,0,2,12,499,632,1,0,1,0,0,632
1444,5,5,7,5,5-43,1799,B-C,U,199,190,4,0,1,1,395,603,0,0,1,0,0,603
1316,6,6,7,5,6-63,1461,B-C,U,162,155,3,2,4,11,337,464,0,0,1,0,0,464
2150,11,6,21,7,6-21,1647,B-C,U,221,177,10,0,2,0,410,737,0,1,1,0,0,737
1757,11,6,6,6,6-72,1609,B-C,U,195,187,4,5,4,8,403,658,1,0,1,0,0,658
1785,11,6,21,6,6-48,1615,B-C,U,145,125,7,5,2,7,291,450,0,0,1,0,0,450
2098,11,6,21,7,6-32,1641,B-C,U,187,156,10,1,1,14,369,709,1,0,1,0,0,709
2025,11,6,21,7,6-36,1585,B-C,U,420,438,11,1,1,0,871,679,1,0,1,0,0,679
1705,11,6,6,6,6-67,1579,B-C,U,190,151,7,4,1,12,365,635,0,0,1,0,0,635
2099,11,6,21,7,6-24,1642,B-C,U,204,163,8,5,3,12,395,709,0,1,1,0,0,709
1826,11,6,6,6,6-14,1651,B-C,M,188,175,5,1,1,10,380,707,1,0,1,0,0,707
2108,11,6,21,7,6-24,1642,B-C,U,196,171,10,1,3,5,386,709,0,1,1,0,0,709
1685,11,6,21,6,6-43,1566,B-C,U,220,232,20,0,6,17,495,690,1,0,1,0,0,690
1777,11,6,21,6,6-45,1614,B-C,U,208,224,10,3,5,5,455,726,0,1,1,0,0,726
1324,5,6,5,5,6-84,1467,B-C,U,104,140,6,3,2,12,267,386,0,0,1,0,0,386
1662,5,6,6,6,6-66,1549,B-C,U,211,192,11,10,3,17,444,693,0,0,1,0,0,693
2080,11,6,21,7,6-35,1634,B-C,U,211,237,6,4,1,11,470,749,0,1,1,0,0,749
1549,5,6,6,5,6-81,1851,B-C,U,201,191,4,4,1,16,417,655,1,0,1,0,0,655
1529,5,6,6,5,6-79,1843,B-C,U,196,203,14,3,3,9,428,679,0,0,1,0,0,679
1531,5,6,6,5,6-79,1844,B-C,U,96,144,5,2,2,16,265,403,0,0,1,0,0,403
1383,5,6,6,5,6-86,1501,B-C,U,194,142,6,3,1,13,359,722,1,0,1,0,0,722
1656,5,6,6,6,6-69,1546,B-C,U,126,160,6,3,3,29,327,506,1,0,1,0,0,506
1783,11,6,21,6,6-46,1614,B-C,U,200,223,22,4,3,12,464,725,0,1,1,0,0,725
1732,11,6,6,6,6-72,1596,B-C,U,147,176,8,3,4,10,348,559,1,0,1,0,0,559
1750,11,6,6,6,6-74,1605,B-C,U,196,138,3,2,4,9,352,568,1,0,1,0,0,568
1702,5,6,6,6,6-67,1577,B-C,U,185,150,6,1,0,11,353,569,1,0,1,0,0,569
2155,11,6,6,7,6-10,1652,B-C,R,214,150,6,6,0,7,383,688,1,0,1,0,1,688
1830,11,6,6,6,6-15,1655,B-C,R,197,118,10,2,1,9,337,542,1,0,1,0,1,542
3136,9,7,13,10,7-68,2684,B-C,U,188,183,11,7,6,17,412,709,1,0,1,0,0,709
2843,7,7,10,10,7-3,2037,B-C,U,133,317,5,2,1,10,468,648,1,0,1,0,0,648
3005,7,7,10,10,7-35,2458,B-C,U,107,171,7,0,2,6,293,440,0,0,1,0,0,440
3006,7,7,10,10,7-35,2458,B-C,U,116,177,2,0,1,6,302,439,0,0,1,0,0,439
2443,9,7,13,8,7-72,2670,B-C,U,166,153,15,4,1,13,352,628,1,0,1,0,0,628
3130,9,7,13,10,7-67,2678,B-C,U,158,155,18,3,2,9,345,604,1,0,1,0,0,604
2865,7,7,10,10,7-8,2044,B-C,M,105,231,7,2,0,10,355,643,1,0,1,0,0,643
3016,7,7,10,10,7-37,2464,B-C,U,128,274,7,1,0,11,421,621,0,0,1,0,0,621
3003,7,7,10,10,7-36,2457,B-C,U,104,234,2,0,0,8,348,506,1,0,1,0,0,506
3013,7,7,10,10,7-37,2462,B-C,U,204,317,5,2,1,11,540,729,0,0,1,0,0,729
2834,7,7,10,10,7-1,2036,B-C,U,101,262,1,4,2,13,383,666,0,1,1,0,0,666
2497,9,7,13,8,7-82,2704,B-C,M,128,208,13,1,0,12,362,683,1,0,1,0,0,683
2418,9,7,13,8,7-62,2659,B-C,U,166,123,14,6,2,0,311,590,1,0,1,0,0,590
2898,7,7,10,10,7-2,2058,B-C,U,127,177,2,1,1,12,320,565,1,0,1,0,0,565
2983,7,7,10,10,7-32,2448,B-C,U,102,248,1,0,0,6,357,534,1,0,1,0,0,534
2942,13,7,13,10,7-23,2082,B-C,R,135,46,20,0,0,10,211,386,0,0,1,0,1,386
3147,9,7,13,10,7-84,2696,B-C,R,196,125,6,1,0,18,346,625,1,0,1,0,1,625
3162,9,7,13,10,7-87,2710,B-C,R,150,186,8,4,6,8,362,700,1,0,1,0,1,700
3188,9,7,13,10,7-91,2726,B-C,R,131,95,10,3,1,7,247,395,1,0,1,0,1,395
2509,9,7,13,8,7-100,2712,B-C,R,278,90,13,1,0,9,391,682,1,0,1,0,1,682
2894,7,7,10,10,7-13,2056,B-C,R,101,138,0,0,0,7,246,413,0,0,1,0,1,413
2489,9,7,13,8,7-81,2698,E,R,166,210,9,4,0,10,399,597,1,0,1,1,1,597
3089,7,7,10,10,7-51,2489,B-C,R,235,144,4,2,0,15,400,736,0,0,1,0,1,736
2465,9,7,13,8,7-74,2687,B-C,R,167,54,16,1,0,7,245,502,1,0,1,0,1,502
4348,8,8,17,14,8-32,2639,B-C,U,107,246,15,2,1,13,384,591,1,0,2,0,0,591
4003,8,8,14,13,8-101,2191,B-C,U,155,176,17,11,3,7,369,546,1,0,2,0,0,546
4002,8,8,14,13,8-101,2191,B-C,U,135,173,12,14,2,11,347,546,1,0,2,0,0,546
4637,8,8,17,15,8-11,2919,S,U,128,111,13,1,2,10,265,0,0,0,2,0,0,265
3999,8,8,14,13,8-101,2190,B-C,U,169,180,9,8,2,14,382,699,1,0,2,0,0,699
4110,8,8,14,14,8-76,2111,B-C,U,201,223,15,14,6,10,469,697,1,0,2,0,0,697
3957,8,8,14,13,8-90,2177,B-C,U,182,213,29,10,5,11,450,692,1,0,2,0,0,692
4207,8,8,14,14,8-39,2203,B-C,U,113,178,17,2,0,12,322,573,0,0,2,0,0,573
4139,8,8,14,14,8-66,2127,B-C,U,127,164,14,11,1,16,333,554,1,0,2,0,0,554
4147,8,8,14,14,8-74,2135,B-C,U,124,150,14,9,5,6,308,494,0,0,2,0,0,494
4022,8,8,14,13,8-93,2196,B-C,U,138,129,11,5,5,6,294,434,0,0,2,0,0,434
4640,8,8,17,15,8-6,2921,B-C,M,145,256,9,2,1,16,429,586,1,0,2,0,0,586
4200,8,8,14,14,8-37,2199,B-C,R,30,212,2,5,1,19,269,449,0,0,2,0,1,449
4083,8,8,14,13,8-55,2254,B-C,R,54,194,16,0,1,14,279,582,1,0,2,0,1,582
4081,8,8,14,13,8-54,2253,B-C,R,74,219,12,1,0,3,309,519,1,0,2,0,1,519
4649,8,8,17,15,8-6,2924,B-C,R,147,266,13,6,0,12,444,668,1,0,2,0,1,668
4094,8,8,14,13,8-64,2260,B-C,R,187,146,14,2,2,12,363,640,1,0,2,0,1,640
4327,8,8,17,14,8-25,2631,B-C,R,97,210,16,3,2,16,344,601,1,0,2,0,1,601
4074,8,8,14,13,8-54,2249,B-C,R,73,212,14,5,2,12,318,544,1,0,2,0,1,544
3925,13,8,18,13,8-4,2032,B-C,R,161,129,7,4,8,9,318,450,0,0,1,0,1,450
3300,15,9,11,11,9-46,1037,B-C,U,140,135,6,2,2,7,292,541,1,0,1,0,0,541
3421,15,9,11,11,9-49,1108,B-C,U,136,171,6,1,0,0,314,569,1,0,1,0,0,569
3376,15,9,12,11,9-69,1092,B-C,U,135,89,8,5,1,10,248,452,0,0,1,0,0,452
3203,9,9,11,11,9-30,934,B-C,U,131,266,16,3,4,9,429,592,1,0,1,0,0,592
3523,9,9,11,12,9-31,939,B-C,U,140,292,6,2,3,9,452,589,1,0,1,0,0,589
3344,15,9,12,11,9-65,1076,B-C,U,138,94,10,5,2,9,258,454,0,0,1,0,0,454
3238,15,9,11,11,9-34,958,B-C,U,197,160,13,2,3,6,381,716,1,0,1,0,0,716
3299,15,9,11,11,9-45,1037,B-C,U,142,144,7,2,0,13,308,541,1,0,1,0,0,541
3309,15,9,12,11,9-66,1041,B-C,U,145,183,6,1,3,9,347,567,1,0,1,0,0,567
3310,15,9,12,11,9-66,1041,B-C,U,123,184,15,5,2,9,338,567,1,0,1,0,0,567
3346,15,9,12,11,9-46,1077,B-C,U,183,208,12,3,3,6,415,667,1,0,1,0,0,667
3305,15,9,12,11,9-64,1039,B-C,U,193,152,8,4,1,20,378,635,1,0,1,0,0,635
3781,15,9,12,12,9-21,1157,B-C,M,178,129,11,1,1,10,330,570,1,0,1,0,0,570
3683,15,9,12,12,9-73,1062,B-C,U,128,189,10,0,0,23,350,571,1,0,1,0,0,571
3789,15,9,12,12,9-17,1167,B-C,M,183,143,3,4,0,12,345,565,1,0,1,0,0,565
3351,15,9,11,11,9-25,1078,B-C,U,196,188,8,5,3,14,414,722,0,1,1,0,0,722
3650,15,9,12,12,9-67,1043,B-C,U,148,160,9,2,2,17,338,563,0,0,1,0,0,563
3606,15,9,12,12,9-60,995,B-C,U,119,123,6,4,8,16,276,446,0,0,1,0,0,446
3792,15,9,12,12,9-17,1168,B-C,M,165,127,10,2,1,13,318,571,1,0,1,0,0,571
3748,9,9,11,12,9-5,1132,B-C,R,129,176,9,1,1,16,332,548,1,0,1,0,1,548
3747,9,9,11,12,9-6,1132,B-C,R,115,206,12,7,0,9,349,548,1,0,1,0,1,548
