casilla_id,distrito_fed_17,distrito_fed_12,distrito_loc_17,distrito_loc_12,are,seccion,casilla,tipo_seccion,pri_pvem,pan_na,prd,pt,mc,otros,total,ln,tamano_md,tamano_gd,region,casilla_ex,rural,ln_total
5171,2,2,17,17,2-54,610,B-C,U,73,182,11,5,6,5,282,539,1,0,2,0,0,539
4094,8,8,14,13,8-64,2260,B-C,R,187,146,14,2,2,12,363,640,1,0,2,0,1,640
2739,1,4,8,9,4-10,764,B-C,U,182,168,11,1,3,0,365,568,1,0,1,0,0,568
1203,3,3,4,4,3-15,1481,B-C,M,157,172,19,4,3,15,370,514,1,0,1,0,0,514
3305,15,9,12,11,9-64,1039,B-C,U,193,152,8,4,1,20,378,635,1,0,1,0,0,635
2315,4,4,8,8,4-66,878,B-C,M,194,197,35,5,3,0,434,748,0,1,1,0,0,748
3806,13,11,18,13,11-62,2,B-C,U,129,300,5,1,1,12,448,616,1,0,1,0,0,616
3807,13,11,18,13,11-62,2,B-C,U,115,288,8,1,0,3,415,616,1,0,1,0,0,616
3781,15,9,12,12,9-21,1157,B-C,M,178,129,11,1,1,10,330,570,1,0,1,0,0,570
3792,15,9,12,12,9-17,1168,B-C,M,165,127,10,2,1,13,318,571,1,0,1,0,0,571
3496,15,9,11,11,9-12,1171,B-C,R,102,113,22,0,0,12,249,416,0,0,1,0,1,416
4428,12,12,15,15,12-50,384,B-C,U,129,210,24,8,5,11,387,565,1,0,2,0,0,565
950,3,3,3,4,3-3,1280,B-C,U,188,150,3,2,1,7,351,714,1,0,1,0,0,714
184,4,1,1,1,1-81,2387,B-C,U,170,149,12,3,1,10,345,503,1,0,1,0,0,503
2590,2,2,9,9,2-12,166,B-C,U,71,93,10,2,2,12,190,264,0,0,2,0,0,264
3057,7,7,10,10,7-44,2477,B-C,U,113,283,4,0,2,5,407,702,0,1,1,0,0,702
1785,11,6,21,6,6-48,1615,B-C,U,145,125,7,5,2,7,291,450,0,0,1,0,0,450
795,5,5,5,3,5-55,1732,B-C,U,188,159,10,5,2,15,379,652,1,0,1,0,0,652
4890,2,12,16,16,12-68,501,B-C,U,127,276,11,8,4,0,426,681,1,0,2,0,0,681
3309,15,9,12,11,9-66,1041,B-C,U,145,183,6,1,3,9,347,567,1,0,1,0,0,567
1525,5,5,5,5,5-69,1841,B-C,U,198,170,4,6,2,11,391,673,1,0,1,0,0,673
2970,13,7,13,10,7-30,2102,B-C,R,72,119,31,0,1,17,240,571,1,0,1,0,1,571
1010,3,3,3,4,3-16,1302,B-C,U,145,144,6,3,0,7,305,529,1,0,1,0,0,529
2800,1,4,8,9,4-35,809,B-C,R,87,240,5,4,5,15,356,643,1,0,1,0,1,643
2733,1,4,8,9,4-3,762,B-C,U,161,184,17,5,1,13,381,623,1,0,1,0,0,623
4054,8,8,14,13,8-61,2241,B-C,U,133,180,12,2,3,5,335,606,1,0,2,0,0,606
6049,10,10,20,20,10-71,2807,B-C,U,198,218,12,2,3,13,446,700,1,0,2,0,0,700
804,5,5,7,3,5-36,1736,B-C,U,142,121,9,5,0,7,284,416,0,0,1,0,0,416
2305,4,4,8,8,4-65,878,B-C,M,183,231,31,2,3,10,460,748,0,1,1,0,0,748
6415,10,10,20,21,10-39,2327,B-C,U,73,170,12,1,1,6,263,514,1,0,2,0,0,514
6029,10,10,20,20,10-68,2799,B-C,U,144,169,16,3,1,11,344,598,1,0,2,0,0,598
5725,13,13,19,19,13-57,2820,B-C,U,83,174,15,5,2,10,289,411,0,0,2,0,0,411
301,1,2,2,2,2-93,741,B-C,M,123,244,26,12,40,39,484,670,1,0,2,0,0,670
1444,5,5,7,5,5-43,1799,B-C,U,199,190,4,0,1,1,395,603,0,0,1,0,0,603
4274,8,8,17,14,8-21,2612,B-C,U,119,272,6,3,3,6,409,635,1,0,2,0,0,635
5029,14,14,22,17,14-44,264,B-C,U,88,144,66,2,17,16,333,612,1,0,2,0,0,612
1410,5,5,7,5,5-45,1785,B-C,U,163,137,5,0,2,6,313,526,1,0,1,0,0,526
2786,1,4,8,9,4-30,802,B-C,M,141,170,1,6,3,18,339,530,1,0,1,0,0,530
3427,9,9,11,11,9-1,1116,B-C,R,167,242,11,3,2,14,439,696,1,0,1,0,1,696
1014,3,3,3,4,3-12,1304,B-C,U,170,227,15,6,7,14,439,707,1,0,1,0,0,707
4178,8,8,14,14,8-89,2160,B-C,U,130,148,12,10,5,17,322,529,1,0,2,0,0,529
5416,13,11,10,18,11-82,739,B-C,R,93,198,73,20,0,28,412,684,1,0,1,0,1,684
3475,15,9,11,11,9-12,1161,B-C,R,163,190,23,4,0,16,396,750,1,0,1,0,1,750
3203,9,9,11,11,9-30,934,B-C,U,131,266,16,3,4,9,429,592,1,0,1,0,0,592
6462,14,14,22,22,14-4,56,B-C,U,75,174,53,16,5,19,342,672,1,0,2,0,0,672
2779,1,4,1,9,4-16,790,B-C,R,71,205,5,29,0,19,329,591,1,0,1,0,1,591
2672,2,2,9,9,2-26,209,B-C,R,61,119,9,3,0,13,205,390,0,0,2,0,1,390
3707,15,9,12,12,9-80,1109,B-C,U,88,150,7,0,6,11,262,415,0,0,1,0,0,415
4688,12,12,16,16,12-31,338,B-C,U,141,205,28,10,8,13,405,616,1,0,2,0,0,616
1783,11,6,21,6,6-46,1614,B-C,U,200,223,22,4,3,12,464,725,0,1,1,0,0,725
5395,13,11,10,18,11-85,725,B-C,U,152,127,79,1,1,26,386,634,1,0,1,0,0,634
71,1,4,8,1,4-33,805,B-C,R,141,161,3,1,4,18,328,559,1,0,1,0,1,559
5806,13,13,19,19,13-75,2852,B-C,R,52,144,72,10,0,24,302,623,1,0,2,0,1,623
3016,7,7,10,10,7-37,2464,B-C,U,128,274,7,1,0,11,421,621,0,0,1,0,0,621
5839,13,13,19,19,13-82,2865,B-C,R,36,168,76,2,2,0,284,546,1,0,2,0,1,546
29,1,4,1,1,4-14,778,B-C,R,144,88,12,2,1,16,263,582,1,0,1,0,1,582
1529,5,6,6,5,6-79,1843,B-C,U,196,203,14,3,3,9,428,679,0,0,1,0,0,679
2742,1,4,8,9,4-10,765,B-C,U,159,161,18,4,1,16,359,563,1,0,1,0,0,563
1168,20,3,21,4,3-67,1392,B-C,NA,183,236,22,7,5,11,464,734,0,1,1,0,0,734
590,1,1,2,2,1-28,2903,B-C,R,159,151,50,3,3,17,383,541,1,0,2,0,1,541
3747,9,9,11,12,9-6,1132,B-C,R,115,206,12,7,0,9,349,548,1,0,1,0,1,548
1647,6,6,6,6,6-65,1540,B-C,U,101,130,8,2,3,8,252,422,0,0,1,0,0,422
3299,15,9,11,11,9-45,1037,B-C,U,142,144,7,2,0,13,308,541,1,0,1,0,0,541
3606,15,9,12,12,9-60,995,B-C,U,119,123,6,4,8,16,276,446,0,0,1,0,0,446
4147,8,8,14,14,8-74,2135,B-C,U,124,150,14,9,5,6,308,494,0,0,2,0,0,494
5846,13,13,19,19,13-80,2868,B-C,R,56,185,102,2,3,12,360,560,1,0,2,0,1,560
2268,4,4,8,8,4-59,862,B-C,U,192,117,18,7,3,13,350,506,1,0,1,0,0,506
6072,10,10,20,20,10-77,2949,B-C,U,161,173,15,27,10,17,403,652,1,0,2,0,0,652
5633,7,11,18,18,11-26,2024,B-C,R,78,104,14,0,0,10,206,383,0,0,1,0,1,383
4684,12,12,16,16,12-38,336,B-C,U,168,212,34,4,6,15,439,728,0,1,2,0,0,728
2690,2,2,9,9,2-24,219,B-C,R,115,132,11,7,2,20,287,565,1,0,2,0,1,565
646,3,5,3,3,5-24,1313,B-C,U,117,166,9,1,5,11,309,439,0,0,1,0,0,439
5679,13,13,19,19,13-46,1185,B-C,U,153,207,24,2,4,5,395,567,1,0,2,0,0,567
4649,8,8,17,15,8-6,2924,B-C,R,147,266,13,6,0,12,444,668,1,0,2,0,1,668
144,4,1,1,1,1-62,2368,B-C,R,90,207,10,8,3,15,333,534,1,0,1,0,1,534
3175,9,7,13,10,7-88,2718,B-C,M,114,149,9,2,1,9,284,483,0,0,1,0,0,483
5303,14,10,15,17,10-58,2769,B-C,U,110,121,16,0,2,7,256,464,0,0,2,0,0,464
1590,5,5,5,5,5-80,3017,B-C,U,127,142,5,1,1,5,281,455,0,0,1,0,0,455
1169,20,3,21,4,3-68,1392,B-C,NA,207,231,23,4,4,7,476,734,0,1,1,0,0,734
3856,13,11,18,13,11-76,22,B-C,R,450,269,6,2,1,34,762,676,1,0,1,0,1,676
3536,15,9,11,12,9-37,950,B-C,U,136,250,10,2,1,9,408,541,1,0,1,0,0,541
4200,8,8,14,14,8-37,2199,B-C,R,30,212,2,5,1,19,269,449,0,0,2,0,1,449
5127,14,14,9,17,14-66,313,B-C,R,103,108,11,3,0,12,237,432,1,0,2,0,1,432
854,5,5,7,3,5-44,1759,B-C,U,181,198,8,1,12,21,421,659,1,0,1,0,0,659
2263,4,4,8,8,4-57,858,B-C,U,150,76,14,7,1,9,257,437,0,0,1,0,0,437
5779,13,13,19,19,13-66,2842,B-C,U,53,159,91,1,6,22,332,612,1,0,2,0,0,612
3103,7,7,10,10,7-53,2496,B-C,M,200,119,8,3,0,13,343,555,1,0,1,0,0,555
1074,3,3,7,4,3-31,1324,B-C,U,217,158,10,1,6,10,402,666,1,0,1,0,0,666
5166,2,2,17,17,2-49,609,B-C,U,87,223,15,3,4,13,345,579,1,0,2,0,0,579
5199,2,2,17,17,2-68,622,B-C,M,158,170,17,3,4,15,367,476,0,0,2,0,0,476
6088,10,10,20,20,10-80,2957,B-C,U,151,220,28,39,6,18,462,704,0,0,2,0,0,704
1579,5,5,5,5,5-80,3012,B-C,U,137,141,11,4,2,16,311,518,1,0,1,0,0,518
1143,3,3,7,4,3-34,1356,B-C,U,179,240,10,2,0,12,443,692,1,0,1,0,0,692
5044,14,14,22,17,14-48,273,B-C,R,81,100,4,4,119,24,332,652,1,0,2,0,1,652
2593,2,2,9,9,2-14,168,B-C,U,135,180,23,4,7,20,369,561,1,0,2,0,0,561
4412,12,12,15,15,12-48,377,B-C,U,130,188,16,9,2,7,352,498,0,0,2,0,0,498
5301,14,10,15,17,10-58,2768,B-C,U,68,176,13,2,1,0,260,456,0,0,2,0,0,456
5701,13,13,19,19,13-52,1195,B-C,M,115,214,9,3,4,5,350,643,1,0,2,0,0,643
4637,8,8,17,15,8-11,2919,S,U,128,111,13,1,2,10,265,0,0,0,2,0,0,265
3683,15,9,12,12,9-73,1062,B-C,U,128,189,10,0,0,23,350,571,1,0,1,0,0,571
5811,13,13,19,19,13-76,2854,B-C,R,10,103,157,4,0,20,294,513,0,0,2,0,1,513
4429,12,12,15,15,12-49,385,B-C,U,112,207,23,10,4,16,372,505,1,0,2,0,0,505
4001,8,8,14,13,8-101,2190,B-C,U,165,196,12,16,3,12,404,698,1,0,2,0,0,698
2834,7,7,10,10,7-1,2036,B-C,U,101,262,1,4,2,13,383,666,0,1,1,0,0,666
4640,8,8,17,15,8-6,2921,B-C,M,145,256,9,2,1,16,429,586,1,0,2,0,0,586
1842,11,6,6,6,6-13,1663,B-C,R,166,204,2,0,0,11,383,585,1,0,1,0,1,585
735,3,5,3,3,5-17,1702,B-C,U,264,234,8,0,1,18,525,715,1,0,1,0,0,715
4022,8,8,14,13,8-93,2196,B-C,U,138,129,11,5,5,6,294,434,0,0,2,0,0,434
1886,3,3,7,7,3-46,1373,B-C,U,108,121,2,3,0,10,244,397,0,0,1,0,0,397
6590,14,14,22,22,14-27,120,B-C,R,63,155,75,3,4,48,348,702,0,0,2,0,1,702
4778,12,12,16,16,12-6,399,B-C,U,173,207,14,4,3,15,416,637,1,0,2,0,0,637
4110,8,8,14,14,8-76,2111,B-C,U,201,223,15,14,6,10,469,697,1,0,2,0,0,697
732,3,5,3,3,5-24,1700,B-C,U,225,247,12,8,2,19,513,730,1,0,1,0,0,730
1316,6,6,7,5,6-63,1461,B-C,U,162,155,3,2,4,11,337,464,0,0,1,0,0,464
5246,2,2,17,17,2-65,645,B-C,U,82,295,36,4,1,23,441,742,1,0,2,0,0,742
5524,7,11,18,18,11-32,1968,B-C,M,168,114,12,2,1,14,311,502,1,0,1,0,0,502
6538,14,14,22,22,14-25,92,E,R,14,100,21,2,0,12,149,321,0,0,2,1,1,321
6321,10,10,20,21,10-18,2274,B-C,U,133,212,19,9,4,21,398,637,1,0,2,0,0,637
2716,2,2,9,9,2-46,236,B-C,R,49,190,8,4,1,11,263,462,0,0,2,0,1,462
1705,11,6,6,6,6-67,1579,B-C,U,190,151,7,4,1,12,365,635,0,0,1,0,0,635
297,1,1,2,2,1-5,335,B-C,R,230,156,1,0,1,0,388,489,0,0,2,0,1,489
6060,10,10,20,20,10-74,2810,B-C,R,128,114,6,0,0,4,252,410,1,0,2,0,1,410
6353,10,10,20,21,10-24,2289,B-C,U,84,173,17,4,2,12,292,503,1,0,2,0,0,503
4264,8,8,17,14,8-35,2608,B-C,U,99,239,14,2,3,20,377,583,1,0,2,0,0,583
970,3,3,4,4,3-14,1285,B-C,U,178,240,18,4,6,25,471,736,0,1,1,0,0,736
3755,9,4,11,12,4-105,1137,B-C,M,144,195,13,3,2,13,370,587,1,0,1,0,0,587
2489,9,7,13,8,7-81,2698,E,R,166,210,9,4,0,10,399,597,1,0,1,1,1,597
3344,15,9,12,11,9-65,1076,B-C,U,138,94,10,5,2,9,258,454,0,0,1,0,0,454
1945,6,3,7,7,3-62,1414,B-C,U,166,205,7,3,4,12,397,656,1,0,1,0,0,656
316,1,2,2,2,2-95,748,B-C,R,181,199,4,0,18,20,422,584,1,0,2,0,1,584
1199,3,3,4,4,3-72,1479,B-C,R,219,198,2,6,2,24,451,709,1,0,1,0,1,709
1537,5,5,5,5,5-72,1846,B-C,U,150,183,14,1,3,24,375,606,1,0,1,0,0,606
4003,8,8,14,13,8-101,2191,B-C,U,155,176,17,11,3,7,369,546,1,0,2,0,0,546
412,1,1,2,2,1-44,2544,B-C,U,163,174,17,6,2,0,362,701,1,0,2,0,0,701
6618,14,14,22,22,14-33,137,B-C,U,45,155,56,1,2,14,273,555,1,0,2,0,0,555
5221,2,2,17,17,2-51,633,B-C,R,165,96,2,4,1,15,283,584,1,0,2,0,1,584
4946,12,12,15,16,12-79,543,B-C,U,103,168,2,1,2,12,288,589,1,0,2,0,0,589
3523,9,9,11,12,9-31,939,B-C,U,140,292,6,2,3,9,452,589,1,0,1,0,0,589
826,5,5,7,3,5-36,1746,B-C,U,151,156,7,1,2,8,325,475,0,0,1,0,0,475
3005,7,7,10,10,7-35,2458,B-C,U,107,171,7,0,2,6,293,440,0,0,1,0,0,440
4676,12,12,16,16,12-39,336,B-C,U,147,218,32,5,8,11,421,727,0,1,2,0,0,727
1770,11,6,6,6,6-49,1613,B-C,U,223,227,10,1,1,13,475,739,1,0,1,0,0,739
5104,14,14,9,17,14-60,302,B-C,U,126,140,29,1,0,19,315,699,1,0,2,0,0,699
309,1,2,2,2,2-95,746,B-C,R,83,237,4,3,17,13,357,477,0,0,2,0,1,477
2872,7,7,10,10,7-9,2045,B-C,R,99,244,4,1,1,7,356,663,1,0,1,0,1,663
904,3,5,3,4,5-2,1264,B-C,U,138,165,3,2,0,5,313,573,1,0,1,0,0,573
1830,11,6,6,6,6-15,1655,B-C,R,197,118,10,2,1,9,337,542,1,0,1,0,1,542
3346,15,9,12,11,9-46,1077,B-C,U,183,208,12,3,3,6,415,667,1,0,1,0,0,667
6605,14,14,22,22,14-31,130,B-C,R,66,74,120,9,1,45,315,600,0,0,2,0,1,600
2155,11,6,6,7,6-10,1652,B-C,R,214,150,6,6,0,7,383,688,1,0,1,0,1,688
2799,1,4,1,9,4-28,808,B-C,R,129,120,2,3,1,9,264,417,1,0,1,0,1,417
3857,13,11,18,13,11-76,23,B-C,R,103,137,5,0,1,13,259,452,0,0,1,0,1,452
1656,5,6,6,6,6-69,1546,B-C,U,126,160,6,3,3,29,327,506,1,0,1,0,0,506
114,4,1,1,1,1-65,2350,B-C,M,170,196,11,16,1,15,409,645,1,0,1,0,0,645
689,3,5,3,3,5-7,1682,B-C,U,146,180,9,1,4,3,343,478,0,0,1,0,0,478
3300,15,9,11,11,9-46,1037,B-C,U,140,135,6,2,2,7,292,541,1,0,1,0,0,541
6215,10,13,19,21,13-25,677,B-C,U,162,195,27,8,2,16,410,631,1,0,2,0,0,631
6213,10,13,19,21,13-26,676,B-C,U,151,187,34,3,4,0,379,667,1,0,2,0,0,667
3264,15,9,12,11,9-57,993,B-C,U,151,141,5,2,1,10,310,525,1,0,1,0,0,525
4827,12,13,15,16,13-2,452,B-C,U,159,201,25,12,7,17,421,598,1,0,2,0,0,598
407,2,2,2,2,2-87,2541,B-C,R,180,104,25,1,0,14,324,522,1,0,2,0,1,522
2843,7,7,10,10,7-3,2037,B-C,U,133,317,5,2,1,10,468,648,1,0,1,0,0,648
5752,13,13,19,19,13-57,2832,B-C,U,83,250,33,1,2,20,389,562,1,0,2,0,0,562
5028,14,14,22,17,14-45,263,B-C,R,169,76,82,4,7,15,353,526,1,0,2,0,1,526
1531,5,6,6,5,6-79,1844,B-C,U,96,144,5,2,2,16,265,403,0,0,1,0,0,403
6266,10,13,19,21,13-36,697,B-C,U,88,175,11,3,2,11,290,606,1,0,2,0,0,606
254,4,1,1,1,1-82,2424,B-C,R,118,104,6,3,4,21,256,434,0,0,1,0,1,434
648,5,5,7,3,5-31,1399,B-C,U,121,168,9,4,2,6,310,431,0,0,1,0,0,431
3302,15,9,12,11,9-47,1038,B-C,U,181,194,12,3,3,10,403,698,1,0,1,0,0,698
920,3,3,3,4,3-4,1273,B-C,U,160,151,4,1,3,0,319,575,1,0,1,0,0,575
212,4,1,1,1,1-69,2400,B-C,U,109,175,3,2,3,16,308,492,0,0,1,0,0,492
1340,3,5,3,5,5-87,1477,B-C,M,192,187,7,3,0,3,392,734,0,1,1,0,0,734
863,5,5,7,3,5-40,1763,B-C,U,105,150,6,1,4,9,275,439,0,0,1,0,0,439
2492,9,7,13,8,7-79,2699,E,R,68,109,27,2,0,10,216,382,1,0,1,1,1,382
960,3,3,4,4,3-17,1284,B-C,U,206,190,11,3,1,15,426,670,0,1,1,0,0,670
2756,1,4,8,9,4-6,770,B-C,U,217,188,12,2,3,11,433,689,1,0,1,0,0,689
6084,10,10,20,20,10-80,2955,B-C,U,120,200,14,10,1,0,345,558,1,0,2,0,0,558
1507,5,5,5,5,5-77,1832,B-C,U,159,130,2,0,3,17,311,541,1,0,1,0,0,541
148,4,1,1,1,1-66,2371,B-C,R,117,205,7,13,0,19,361,593,1,0,1,0,1,593
802,5,5,7,3,5-37,1735,B-C,U,178,144,6,1,1,8,338,520,1,0,1,0,0,520
5430,7,11,18,18,11-41,1916,B-C,U,170,213,4,2,0,9,398,588,1,0,1,0,0,588
2898,7,7,10,10,7-2,2058,B-C,U,127,177,2,1,1,12,320,565,1,0,1,0,0,565
4199,8,8,14,14,8-89,2175,B-C,U,106,95,16,4,1,6,228,376,0,0,2,0,0,376
497,1,1,2,2,1-52,2585,B-C,R,122,135,22,5,5,27,316,581,1,0,2,0,1,581
5770,13,13,19,19,13-65,2839,B-C,U,40,172,58,4,2,29,305,509,1,0,2,0,0,509
3604,15,9,12,12,9-57,992,B-C,U,121,146,4,2,1,8,282,416,0,0,1,0,0,416
4463,12,12,15,15,12-55,414,B-C,U,130,192,24,10,5,18,379,502,1,0,2,0,0,502
244,4,1,1,1,1-83,2418,B-C,R,121,162,17,2,6,13,321,498,0,0,1,0,1,498
3325,15,9,12,11,9-73,1063,B-C,U,188,215,26,3,4,15,451,737,1,0,1,0,0,737
5428,7,11,18,18,11-41,1916,B-C,U,132,226,11,2,0,9,380,588,1,0,1,0,0,588
6441,10,10,20,21,10-43,2340,B-C,R,37,123,12,1,0,0,173,397,0,0,2,0,1,397
2753,1,4,8,9,4-11,768,B-C,U,156,140,8,4,0,11,319,502,1,0,1,0,0,502
1043,3,3,3,4,3-25,1312,B-C,U,149,191,6,4,2,6,358,561,1,0,1,0,0,561
4036,8,8,14,13,8-60,2231,B-C,R,123,217,11,2,3,9,365,583,1,0,2,0,1,583
3336,15,9,12,11,9-55,1068,B-C,U,214,179,7,5,4,14,423,704,1,0,1,0,0,704
3988,8,8,14,13,8-96,2185,B-C,U,168,192,24,13,7,17,421,741,1,0,2,0,0,741
2660,2,2,9,9,2-38,201,B-C,R,172,98,9,5,1,7,292,481,0,0,2,0,1,481
5484,7,11,18,18,11-4,1946,B-C,R,72,63,6,1,0,12,154,302,0,0,1,0,1,302
1591,5,5,5,5,5-80,3017,B-C,U,143,133,10,4,3,6,299,455,0,0,1,0,0,455
563,1,2,2,2,2-91,2785,B-C,R,119,185,83,2,1,12,402,550,1,0,2,0,1,550
5190,2,2,17,17,2-49,618,B-C,U,112,225,19,3,4,5,368,574,1,0,2,0,0,574
827,5,5,5,3,5-56,1747,B-C,U,163,154,4,5,2,14,342,603,1,0,1,0,0,603
4938,12,12,15,16,12-76,533,B-C,R,137,90,10,4,1,12,254,496,0,0,2,0,1,496
4546,12,13,15,15,13-14,492,B-C,U,99,182,12,4,5,4,306,501,1,0,2,0,0,501
249,4,1,1,1,1-76,2421,B-C,R,229,236,16,4,0,16,501,567,1,0,1,0,1,567
6543,14,14,22,22,14-19,95,B-C,M,47,74,29,0,0,14,164,398,0,0,2,0,0,398
4736,12,12,16,16,12-26,353,B-C,U,189,126,13,2,3,9,342,656,1,0,2,0,0,656
3207,9,9,11,11,9-29,936,B-C,U,123,166,10,5,2,6,312,478,0,0,1,0,0,478
5498,7,11,18,18,11-34,1955,B-C,M,243,169,0,0,0,17,429,646,0,0,1,0,0,646
3147,9,7,13,10,7-84,2696,B-C,R,196,125,6,1,0,18,346,625,1,0,1,0,1,625
5280,14,10,15,17,10-52,2753,B-C,U,86,109,50,1,1,16,263,428,0,0,2,0,0,428
5500,7,11,18,18,11-37,1956,B-C,R,195,152,5,1,0,11,364,609,1,0,1,0,1,609
5129,14,14,9,17,14-64,314,B-C,M,117,133,28,6,0,14,298,634,1,0,2,0,0,634
4821,12,12,15,16,12-9,445,B-C,U,114,125,16,2,1,0,258,422,0,0,2,0,0,422
2894,7,7,10,10,7-13,2056,B-C,R,101,138,0,0,0,7,246,413,0,0,1,0,1,413
209,4,1,1,1,1-68,2399,B-C,U,114,181,13,2,0,17,327,575,1,0,1,0,0,575
5925,10,10,20,20,10-3,1866,B-C,U,74,158,18,4,10,11,275,403,0,0,2,0,0,403
4348,8,8,17,14,8-32,2639,B-C,U,107,246,15,2,1,13,384,591,1,0,2,0,0,591
572,1,1,2,2,1-21,2892,B-C,M,136,229,51,2,2,10,430,564,1,0,2,0,0,564
281,4,1,1,1,1-94,2440,B-C,R,84,110,8,3,0,0,205,426,0,0,1,0,1,426
3598,15,9,12,12,9-41,986,B-C,U,189,148,4,0,3,5,349,501,0,0,1,0,0,501
3487,15,9,11,11,9-11,1165,B-C,R,161,159,12,1,1,2,336,610,1,0,1,0,1,610
3650,15,9,12,12,9-67,1043,B-C,U,148,160,9,2,2,17,338,563,0,0,1,0,0,563
6205,10,13,19,21,13-24,673,B-C,U,106,153,19,3,2,6,289,428,0,0,2,0,0,428
4074,8,8,14,13,8-54,2249,B-C,R,73,212,14,5,2,12,318,544,1,0,2,0,1,544
5574,7,11,18,18,11-9,1991,B-C,U,74,131,10,3,0,12,230,460,0,0,1,0,0,460
1672,11,6,6,6,6-58,1555,B-C,U,190,169,7,3,5,9,383,559,1,0,1,0,0,559
6670,14,14,22,22,14-86,1219,B-C,R,113,114,6,0,2,15,250,473,0,0,2,0,1,473
2234,4,4,8,8,4-48,845,B-C,U,207,198,36,3,3,11,458,736,1,0,1,0,0,736
3849,13,11,18,13,11-77,20,B-C,R,209,104,16,5,2,17,353,613,1,0,1,0,1,613
1018,3,3,3,4,3-12,1304,B-C,U,184,269,22,4,4,7,490,706,1,0,1,0,0,706
5117,14,14,9,17,14-65,308,B-C,R,145,142,7,4,4,5,307,532,0,0,2,0,1,532
1903,6,3,7,7,3-45,1385,B-C,U,130,194,2,3,1,10,340,500,1,0,1,0,0,500
1030,6,3,4,4,3-24,1308,B-C,U,177,150,6,5,2,9,349,645,1,0,1,0,0,645
6278,10,13,19,21,13-38,704,B-C,R,81,97,2,1,0,15,196,304,0,0,2,0,1,304
5311,14,10,15,17,10-60,2774,B-C,U,50,129,10,0,0,9,198,377,0,0,2,0,0,377
4618,8,8,17,15,8-13,2911,B-C,U,133,274,20,11,4,15,457,699,1,0,2,0,0,699
861,5,5,7,3,5-40,1762,B-C,U,118,135,10,3,1,15,282,406,0,0,1,0,0,406
1038,3,3,4,4,3-23,1310,B-C,U,187,196,6,4,1,14,408,651,1,0,1,0,0,651
3006,7,7,10,10,7-35,2458,B-C,U,116,177,2,0,1,6,302,439,0,0,1,0,0,439
3310,15,9,12,11,9-66,1041,B-C,U,123,184,15,5,2,9,338,567,1,0,1,0,0,567
1162,6,3,4,4,3-55,1390,B-C,U,185,194,6,7,2,0,394,632,1,0,1,0,0,632
94,4,1,1,1,1-98,1903,B-C,R,60,114,39,0,0,6,219,389,0,0,1,0,1,389
312,1,2,2,2,2-98,747,B-C,R,165,207,18,1,26,22,439,595,1,0,2,0,1,595
5,1,4,1,1,4-3,753,B-C,U,182,190,9,6,2,13,402,735,1,0,1,0,0,735
5115,14,14,9,17,14-64,307,B-C,R,151,76,12,3,1,3,246,512,1,0,2,0,1,512
1899,6,3,7,7,3-50,1383,B-C,U,162,237,9,2,0,2,412,614,0,0,1,0,0,614
5680,13,13,19,19,13-46,1185,B-C,U,178,208,18,0,2,7,413,566,1,0,2,0,0,566
3573,15,9,11,12,9-40,976,B-C,U,214,239,9,2,3,12,479,738,0,0,1,0,0,738
1508,5,5,5,5,5-77,1832,B-C,U,136,150,10,2,2,14,314,541,1,0,1,0,0,541
6738,14,14,22,22,14-102,2738,B-C,U,142,161,36,1,2,21,363,612,1,0,2,0,0,612
59,1,4,1,1,4-24,796,B-C,R,127,137,2,3,3,16,288,568,1,0,1,0,1,568
5118,14,14,9,17,14-65,309,B-C,R,113,130,16,2,3,8,272,678,1,0,2,0,1,678
1077,3,3,7,4,3-31,1325,B-C,U,174,150,5,2,2,16,349,604,1,0,1,0,0,604
4866,12,12,15,16,12-16,473,B-C,U,183,164,17,7,8,18,397,732,1,0,2,0,0,732
5150,14,14,9,17,14-69,324,B-C,M,138,164,13,5,1,13,334,588,1,0,2,0,0,588
4847,12,12,15,16,12-11,462,B-C,U,108,114,11,4,4,9,250,487,0,0,2,0,0,487
1003,6,3,4,4,3-20,1298,B-C,U,215,195,11,4,4,13,442,744,1,0,1,0,0,744
1841,11,6,6,6,6-17,1658,B-C,R,211,154,5,2,2,12,386,672,1,0,1,0,1,672
4327,8,8,17,14,8-25,2631,B-C,R,97,210,16,3,2,16,344,601,1,0,2,0,1,601
5138,14,14,9,17,14-68,318,B-C,R,169,162,13,6,1,11,362,618,0,0,2,0,1,618
1375,5,5,5,5,5-49,1494,B-C,M,203,142,2,1,2,19,369,683,0,1,1,0,0,683
5058,14,14,22,17,14-51,283,B-C,R,60,93,9,1,39,17,219,400,0,0,2,0,1,400
992,3,3,4,4,3-20,1296,B-C,U,140,133,7,3,3,13,299,435,0,0,1,0,0,435
6196,10,13,19,21,13-23,669,B-C,U,106,186,23,2,3,8,328,537,1,0,2,0,0,537
3869,13,11,18,13,11-71,29,B-C,R,68,195,2,3,0,0,268,472,0,0,1,0,1,472
710,3,5,3,3,5-9,1692,B-C,U,174,284,12,2,3,13,488,732,1,0,1,0,0,732
3297,15,9,11,11,9-45,1036,B-C,U,152,159,13,9,3,16,352,601,1,0,1,0,0,601
3789,15,9,12,12,9-17,1167,B-C,M,183,143,3,4,0,12,345,565,1,0,1,0,0,565
1887,3,3,7,7,3-48,1374,B-C,U,124,158,8,1,2,12,305,483,0,0,1,0,0,483
996,6,3,4,4,3-19,1297,B-C,U,221,164,10,11,5,11,422,734,1,0,1,0,0,734
3965,8,8,14,13,8-70,2179,B-C,U,195,204,18,6,1,12,436,715,1,0,2,0,0,715
3222,15,9,11,11,9-32,947,B-C,U,149,214,8,1,2,13,387,577,1,0,1,0,0,577
5185,2,2,17,17,2-50,616,B-C,U,102,201,13,2,5,8,331,517,1,0,2,0,0,517
4420,12,12,15,15,12-46,381,B-C,U,208,216,19,6,0,13,462,720,1,0,2,0,0,720
5771,13,13,19,19,13-66,2840,B-C,U,48,197,74,9,3,25,356,668,1,0,2,0,0,668
3830,13,11,18,13,11-63,11,B-C,U,190,279,10,1,1,8,489,682,1,0,1,0,0,682
5556,7,11,18,18,11-18,1983,B-C,R,164,122,8,1,0,13,308,511,1,0,1,0,1,511
1884,3,3,7,7,3-45,1372,B-C,U,204,196,4,3,1,9,417,681,1,0,1,0,0,681
2382,4,4,8,8,4-85,910,B-C,R,97,181,7,2,1,8,296,481,1,0,1,0,1,481
420,1,1,2,2,1-43,2546,B-C,U,162,158,13,4,3,12,352,545,1,0,2,0,0,545
3522,9,9,11,12,9-31,933,B-C,U,197,260,12,3,2,9,483,703,1,0,1,0,0,703
155,4,1,1,1,1-85,2375,B-C,U,239,118,12,1,3,23,396,685,1,0,1,0,0,685
2611,2,2,9,9,2-15,174,B-C,U,183,148,9,7,1,16,364,597,1,0,2,0,0,597
1426,5,5,7,5,5-59,1792,B-C,U,213,197,5,5,1,10,431,690,1,0,1,0,0,690
3089,7,7,10,10,7-51,2489,B-C,R,235,144,4,2,0,15,400,736,0,0,1,0,1,736
4709,12,12,16,16,12-23,342,B-C,U,192,160,20,11,4,13,400,742,1,0,2,0,0,742
4410,12,12,16,15,12-33,371,B-C,U,165,195,15,4,6,11,396,729,1,0,2,0,0,729
4126,8,8,14,14,8-65,2121,B-C,U,152,193,8,13,4,9,379,673,1,0,2,0,0,673
1965,6,3,7,7,3-61,1435,B-C,U,197,132,12,4,3,6,354,677,0,0,1,0,0,677
686,3,5,3,3,5-11,1681,B-C,U,206,233,13,3,2,10,467,734,0,1,1,0,0,734
4701,12,12,16,16,12-25,341,B-C,U,186,144,18,3,5,16,372,662,1,0,2,0,0,662
1120,6,3,7,4,3-39,1347,B-C,U,213,159,10,5,0,6,393,656,1,0,1,0,0,656
1583,5,5,5,5,5-80,3014,B-C,U,155,124,9,3,1,16,308,541,1,0,1,0,0,541
175,4,1,1,1,1-84,2383,B-C,U,216,127,11,1,1,14,370,586,1,0,1,0,0,586
5422,7,11,18,18,11-43,1913,B-C,U,163,191,13,3,2,15,387,644,1,0,1,0,0,644
4011,8,8,14,13,8-97,2193,B-C,U,173,181,15,8,2,15,394,702,0,1,2,0,0,702
4450,12,12,15,15,12-51,412,B-C,U,167,258,31,6,3,6,471,694,0,1,2,0,0,694
1324,5,6,5,5,6-84,1467,B-C,U,104,140,6,3,2,12,267,386,0,0,1,0,0,386
4002,8,8,14,13,8-101,2191,B-C,U,135,173,12,14,2,11,347,546,1,0,2,0,0,546
2228,4,4,8,8,4-50,841,B-C,U,136,90,25,9,13,4,277,454,0,0,1,0,0,454
4939,12,12,15,16,12-76,533,B-C,R,179,91,9,2,2,5,288,495,0,0,2,0,1,495
6182,10,13,19,21,13-20,663,B-C,U,114,141,30,4,2,7,298,413,0,0,2,0,0,413
40,1,4,1,1,4-17,785,B-C,R,138,122,8,6,1,6,281,559,1,0,1,0,1,559
2865,7,7,10,10,7-8,2044,B-C,M,105,231,7,2,0,10,355,643,1,0,1,0,0,643
5398,13,11,10,18,11-84,726,B-C,U,169,107,58,3,0,19,356,545,1,0,1,0,0,545
4977,12,12,15,16,12-83,560,B-C,U,50,131,6,7,3,6,203,380,0,0,2,0,0,380
5040,14,14,22,17,14-46,271,B-C,R,85,145,26,3,70,27,356,696,1,0,2,0,1,696
6657,14,14,22,22,14-81,1210,B-C,R,114,153,66,4,3,25,365,653,1,0,2,0,1,653
3828,13,11,18,13,11-64,10,B-C,U,124,249,3,2,1,9,388,572,1,0,1,0,0,572
1777,11,6,21,6,6-45,1614,B-C,U,208,224,10,3,5,5,455,726,0,1,1,0,0,726
2025,11,6,21,7,6-36,1585,B-C,U,420,438,11,1,1,0,871,679,1,0,1,0,0,679
6434,10,10,20,21,10-41,2335,B-C,R,88,112,11,3,2,11,227,437,0,0,2,0,1,437
2983,7,7,10,10,7-32,2448,B-C,U,102,248,1,0,0,6,357,534,1,0,1,0,0,534
2696,2,2,9,9,2-23,223,B-C,R,127,221,8,4,4,32,396,648,0,0,2,0,1,648
4806,12,12,16,16,12-17,426,B-C,U,133,111,18,5,4,11,282,467,0,0,2,0,0,467
5786,13,13,19,19,13-69,2844,B-C,U,49,175,69,9,3,26,331,588,1,0,2,0,0,588
3441,9,9,11,11,9-23,1135,B-C,R,137,169,4,2,1,11,324,661,0,0,1,0,1,661
2240,4,4,8,8,4-50,848,B-C,U,142,73,21,6,0,11,253,384,0,0,1,0,0,384
2099,11,6,21,7,6-24,1642,B-C,U,204,163,8,5,3,12,395,709,0,1,1,0,0,709
1988,6,3,21,7,3-65,1453,B-C,U,200,224,18,4,2,9,457,699,1,0,1,0,0,699
1464,5,5,5,5,5-76,1809,B-C,U,190,237,11,3,2,10,453,729,1,0,1,0,0,729
5974,10,10,20,20,10-13,1889,B-C,R,53,98,9,2,3,3,168,412,0,0,2,0,1,412
6720,14,14,22,22,14-97,1256,B-C,R,107,82,41,1,3,12,246,453,0,0,2,0,1,453
6050,10,10,20,20,10-71,2807,B-C,U,168,204,16,3,4,9,404,700,1,0,2,0,0,700
3748,9,9,11,12,9-5,1132,B-C,R,129,176,9,1,1,16,332,548,1,0,1,0,1,548
473,1,1,2,2,1-39,2572,B-C,R,90,124,23,4,4,25,270,469,0,0,2,0,1,469
6317,10,10,20,21,10-23,2272,B-C,U,85,151,14,10,3,8,271,494,0,0,2,0,0,494
3421,15,9,11,11,9-49,1108,B-C,U,136,171,6,1,0,0,314,569,1,0,1,0,0,569
1222,6,3,4,4,3-18,1489,B-C,U,201,164,9,4,1,12,391,696,1,0,1,0,0,696
6115,10,10,20,20,10-85,2969,B-C,R,87,98,9,5,0,7,206,489,0,0,2,0,1,489
413,1,1,2,2,1-44,2544,B-C,U,158,156,19,2,9,19,363,700,1,0,2,0,0,700
1685,11,6,21,6,6-43,1566,B-C,U,220,232,20,0,6,17,495,690,1,0,1,0,0,690
1081,3,3,3,4,3-26,1328,B-C,U,181,177,7,1,1,9,376,545,1,0,1,0,0,545
2331,4,4,8,8,4-72,887,B-C,R,182,104,3,5,0,0,294,553,1,0,1,0,1,553
1,1,4,1,1,4-1,752,B-C,M,142,192,19,5,3,13,374,633,1,0,1,0,0,633
4536,12,13,15,15,13-11,488,B-C,U,172,86,12,2,1,19,292,557,1,0,2,0,0,557
6379,10,10,20,21,10-26,2306,B-C,R,88,130,14,4,4,16,256,503,1,0,2,0,1,503
432,1,1,2,2,1-49,2551,B-C,U,155,155,20,8,5,14,357,654,1,0,2,0,0,654
3957,8,8,14,13,8-90,2177,B-C,U,182,213,29,10,5,11,450,692,1,0,2,0,0,692
4718,12,12,16,16,12-22,343,B-C,U,189,213,25,11,5,4,447,745,0,1,2,0,0,745
1335,3,5,3,5,5-85,1477,B-C,M,182,162,5,3,1,23,376,734,0,1,1,0,0,734
6219,10,13,19,21,13-27,679,B-C,U,207,260,44,6,2,10,529,719,1,0,2,0,0,719
2080,11,6,21,7,6-35,1634,B-C,U,211,237,6,4,1,11,470,749,0,1,1,0,0,749
3622,15,9,12,12,9-63,1002,S,U,44,72,1,2,1,4,124,0,0,0,1,0,0,124
1216,6,3,4,4,3-74,1487,B-C,R,221,130,4,3,1,17,376,679,1,0,1,0,1,679
8,1,4,1,1,4-1,754,B-C,U,175,186,7,5,7,19,399,664,1,0,1,0,0,664
3649,15,9,12,12,9-67,1034,B-C,U,163,138,8,2,3,14,328,541,1,0,1,0,0,541
6569,14,14,22,22,14-24,109,B-C,U,59,146,29,3,0,19,256,664,1,0,2,0,0,664
5791,13,13,19,19,13-70,2847,B-C,U,49,181,93,4,1,17,345,592,1,0,2,0,0,592
4722,12,12,16,16,12-35,345,B-C,U,103,145,25,5,5,15,298,579,1,0,2,0,0,579
5048,14,14,22,17,14-50,276,B-C,R,102,79,4,6,76,23,290,438,0,0,2,0,1,438
6699,14,14,22,22,14-91,1241,B-C,R,106,91,53,0,4,21,275,601,1,0,2,0,1,601
1615,5,5,5,5,5-83,3029,B-C,U,150,142,4,1,3,6,306,510,1,0,1,0,0,510
1869,6,3,7,7,3-42,1365,B-C,U,188,216,12,6,5,10,437,653,1,0,1,0,0,653
4601,12,13,15,15,13-18,563,B-C,M,155,140,5,1,2,12,315,556,1,0,2,0,0,556
2443,9,7,13,8,7-72,2670,B-C,U,166,153,15,4,1,13,352,628,1,0,1,0,0,628
483,1,1,2,2,1-41,2578,E,R,19,38,2,1,0,3,63,160,0,0,2,1,1,160
1576,5,5,5,5,5-79,3011,B-C,U,185,133,12,3,2,13,348,558,1,0,1,0,0,558
4081,8,8,14,13,8-54,2253,B-C,R,74,219,12,1,0,3,309,519,1,0,2,0,1,519
4753,12,12,16,16,12-30,372,B-C,U,137,169,37,2,7,12,364,557,1,0,2,0,0,557
1732,11,6,6,6,6-72,1596,B-C,U,147,176,8,3,4,10,348,559,1,0,1,0,0,559
4061,8,8,14,13,8-62,2243,B-C,U,78,164,12,6,0,12,272,557,1,0,2,0,0,557
353,2,2,2,2,2-70,2515,B-C,R,161,168,15,2,0,5,351,533,1,0,2,0,1,533
4921,2,12,16,16,12-75,520,B-C,M,145,210,18,5,7,12,397,728,1,0,2,0,0,728
1091,6,3,7,4,3-39,1333,B-C,U,182,131,11,2,5,14,345,621,1,0,1,0,0,621
5085,14,14,9,17,14-56,294,B-C,U,95,156,33,2,5,11,302,641,1,0,2,0,0,641
6121,10,10,20,20,10-88,2973,B-C,R,138,102,51,9,5,26,331,405,0,0,2,0,1,405
3559,9,4,12,12,4-91,966,B-C,U,172,112,8,3,0,7,302,663,0,1,1,0,0,663
1653,5,6,6,6,6-66,1544,B-C,U,150,255,12,3,1,11,432,570,0,0,1,0,0,570
6396,10,10,20,21,10-37,2316,B-C,U,117,237,51,8,4,28,445,749,0,0,2,0,0,749
3925,13,8,18,13,8-4,2032,B-C,R,161,129,7,4,8,9,318,450,0,0,1,0,1,450
2063,6,6,4,7,6-28,1632,B-C,NA,214,192,8,2,1,15,432,743,0,1,1,0,0,743
2098,11,6,21,7,6-32,1641,B-C,U,187,156,10,1,1,14,369,709,1,0,1,0,0,709
3162,9,7,13,10,7-87,2710,B-C,R,150,186,8,4,6,8,362,700,1,0,1,0,1,700
5041,14,14,22,17,14-48,272,B-C,R,104,77,5,0,43,10,239,403,0,0,2,0,1,403
5405,13,11,10,18,11-87,732,B-C,R,80,116,44,0,0,8,248,387,0,0,1,0,1,387
5163,14,14,9,17,14-73,329,B-C,U,68,177,12,7,1,13,278,468,0,0,2,0,0,468
1757,11,6,6,6,6-72,1609,B-C,U,195,187,4,5,4,8,403,658,1,0,1,0,0,658
3818,13,11,18,13,11-61,6,B-C,U,171,241,1,2,0,9,424,582,1,0,1,0,0,582
4651,8,8,17,15,8-8,2925,B-C,R,105,249,34,4,1,21,414,635,1,0,2,0,1,635
2539,2,2,9,9,2-4,145,B-C,M,176,159,20,4,7,25,391,682,1,0,2,0,0,682
2645,2,2,9,9,2-26,192,B-C,R,144,114,5,5,2,20,290,613,0,0,2,0,1,613
3434,9,9,11,11,9-3,1127,B-C,R,58,150,15,3,0,13,239,600,0,0,1,0,1,600
445,1,1,2,2,1-45,2556,B-C,U,156,180,20,15,15,31,417,740,1,0,2,0,0,740
5800,13,13,19,19,13-73,2850,B-C,R,45,93,54,6,3,18,219,440,1,0,2,0,1,440
5799,13,13,19,19,13-72,2849,E,R,101,70,50,4,0,11,236,435,1,0,2,1,1,435
4996,14,14,22,17,14-39,249,B-C,U,97,185,13,36,39,17,387,504,1,0,2,0,0,504
5026,14,14,22,17,14-45,263,B-C,R,154,80,80,6,16,15,351,526,1,0,2,0,1,526
3656,15,9,12,12,9-75,1046,B-C,U,155,133,10,4,3,7,312,494,0,0,1,0,0,494
1292,6,3,4,4,3-90,1510,B-C,R,300,131,11,2,0,11,455,714,1,0,1,0,1,714
676,3,5,3,3,5-7,1680,B-C,U,179,181,5,7,1,5,378,552,1,0,1,0,0,552
4842,12,12,15,16,12-13,460,B-C,U,137,165,26,3,3,29,363,629,1,0,2,0,0,629
4451,12,12,15,15,12-51,412,B-C,U,143,244,34,6,9,11,447,693,0,1,2,0,0,693
1383,5,6,6,5,6-86,1501,B-C,U,194,142,6,3,1,13,359,722,1,0,1,0,0,722
3892,13,11,18,13,11-68,40,B-C,R,494,348,7,1,0,15,865,674,1,0,1,0,1,674
5219,2,2,17,17,2-56,632,B-C,R,57,161,12,2,1,8,241,499,0,0,2,0,1,499
4366,12,12,16,15,12-41,347,B-C,NA,154,203,27,5,7,7,403,720,0,1,2,0,0,720
2304,4,4,8,8,4-65,878,B-C,M,199,186,32,7,3,14,441,748,0,1,1,0,0,748
6362,10,10,20,21,10-26,2295,B-C,M,51,143,14,4,2,12,226,451,0,0,2,0,0,451
659,3,5,3,3,5-7,1674,B-C,U,186,225,13,4,2,0,430,659,1,0,1,0,0,659
1750,11,6,6,6,6-74,1605,B-C,U,196,138,3,2,4,9,352,568,1,0,1,0,0,568
34,1,4,1,1,4-15,780,B-C,R,78,159,6,8,0,38,289,576,1,0,1,0,1,576
4207,8,8,14,14,8-39,2203,B-C,U,113,178,17,2,0,12,322,573,0,0,2,0,0,573
5007,14,14,22,17,14-40,253,B-C,U,127,191,22,14,54,10,418,634,0,0,2,0,0,634
3136,9,7,13,10,7-68,2684,B-C,U,188,183,11,7,6,17,412,709,1,0,1,0,0,709
5710,13,13,19,19,13-54,1201,B-C,U,204,138,20,0,7,20,389,612,0,0,2,0,0,612
2447,9,7,13,8,7-71,2672,B-C,U,169,190,19,7,1,14,400,725,0,0,1,0,0,725
6681,14,14,22,22,14-87,1226,B-C,R,142,59,44,1,3,27,276,572,1,0,2,0,1,572
4060,8,8,14,13,8-62,2243,B-C,U,66,174,12,5,1,15,273,558,1,0,2,0,0,558
313,1,2,2,2,2-98,747,B-C,R,163,197,10,0,31,18,419,595,1,0,2,0,1,595
2963,13,7,13,10,7-28,2098,B-C,R,182,52,22,0,1,7,264,554,1,0,1,0,1,554
403,2,2,2,2,2-86,2539,B-C,R,138,145,35,7,7,0,332,589,0,0,2,0,1,589
5172,2,2,17,17,2-54,611,B-C,U,103,187,7,4,3,17,321,550,1,0,2,0,0,550
4083,8,8,14,13,8-55,2254,B-C,R,54,194,16,0,1,14,279,582,1,0,2,0,1,582
6417,10,10,20,21,10-39,2327,B-C,U,49,154,20,5,0,8,236,513,1,0,2,0,0,513
5582,7,11,18,18,11-6,1996,B-C,R,73,180,40,9,0,28,330,703,1,0,1,0,1,703
3013,7,7,10,10,7-37,2462,B-C,U,204,317,5,2,1,11,540,729,0,0,1,0,0,729
3130,9,7,13,10,7-67,2678,B-C,U,158,155,18,3,2,9,345,604,1,0,1,0,0,604
4942,12,12,15,16,12-77,539,E,R,65,57,2,0,0,7,131,209,1,0,2,1,1,209
3558,9,4,12,12,4-91,966,B-C,U,179,188,12,3,6,11,399,663,0,1,1,0,0,663
5351,7,11,10,18,11-100,588,B-C,R,65,47,1,4,1,4,122,205,0,0,1,0,1,205
2614,2,2,9,9,2-15,175,B-C,M,132,207,18,3,8,16,384,702,1,0,2,0,0,702
2752,1,4,8,9,4-11,768,B-C,U,132,131,13,4,7,11,298,503,1,0,1,0,0,503
74,1,4,8,1,4-32,806,B-C,R,107,87,10,5,0,16,225,469,0,0,1,0,1,469
3003,7,7,10,10,7-36,2457,B-C,U,104,234,2,0,0,8,348,506,1,0,1,0,0,506
6424,10,10,20,21,10-38,2330,B-C,U,147,154,12,6,1,13,333,585,1,0,2,0,0,585
5988,10,10,20,20,10-47,2646,B-C,U,173,290,1,4,1,8,477,663,0,0,2,0,0,663
6659,14,14,22,22,14-84,1211,B-C,R,99,84,15,0,1,16,215,485,0,0,2,0,1,485
2150,11,6,21,7,6-21,1647,B-C,U,221,177,10,0,2,0,410,737,0,1,1,0,0,737
6630,14,14,22,22,14-75,654,B-C,M,144,232,66,20,1,21,484,731,1,0,2,0,0,731
